,conference,defense,offense,rating,secondOrderWins,sos,specialTeams,team,year
0,SEC,"{'rating': 14.2, 'success': 133.4, 'explosiveness': 98.1, 'rushing': 129.3, 'passing': 113.7, 'standardDowns': 120.9, 'passingDowns': 108.9, 'havoc': {'total': 0.212, 'frontSeven': 0.126, 'db': 0.08700000000000001}}","{'rating': 50.9, 'success': 136.2, 'explosiveness': 117.6, 'rushing': 123.2, 'passing': 132.4, 'standardDowns': 122.9, 'passingDowns': 139.7, 'runRate': 0.46900000000000003, 'pace': 1.2}",36.3,13.8,0.795,{'rating': -0.4},Alabama,2018
1,SEC,"{'rating': 14.2, 'success': 109, 'explosiveness': 122.3, 'rushing': 103.9, 'passing': 123.6, 'standardDowns': 109.5, 'passingDowns': 129.7, 'havoc': {'total': 0.156, 'frontSeven': 0.099, 'db': 0.057}}","{'rating': 45.9, 'success': 122.6, 'explosiveness': 109.6, 'rushing': 116.4, 'passing': 120, 'standardDowns': 114, 'passingDowns': 123.1, 'runRate': 0.557, 'pace': 1.9}",32.9,11.5,0.794,{'rating': 1.3},Georgia,2018
2,ACC,"{'rating': 12.6, 'success': 129.2, 'explosiveness': 119.9, 'rushing': 131.7, 'passing': 121.8, 'standardDowns': 121.7, 'passingDowns': 128.8, 'havoc': {'total': 0.21, 'frontSeven': 0.136, 'db': 0.074}}","{'rating': 43, 'success': 119.6, 'explosiveness': 109.5, 'rushing': 117.9, 'passing': 112.7, 'standardDowns': 112.1, 'passingDowns': 125, 'runRate': 0.45, 'pace': -1.2}",29.7,14.0,0.912,{'rating': -0.6000000000000001},Clemson,2018
3,Big 12,"{'rating': 30, 'success': 95.8, 'explosiveness': 104.3, 'rushing': 103.5, 'passing': 96.4, 'standardDowns': 96.5, 'passingDowns': 101.3, 'havoc': {'total': 0.14400000000000002, 'frontSeven': 0.085, 'db': 0.059000000000000004}}","{'rating': 54, 'success': 130.1, 'explosiveness': 123.3, 'rushing': 125.8, 'passing': 129.7, 'standardDowns': 124.3, 'passingDowns': 128.7, 'runRate': 0.522, 'pace': 0.30000000000000004}",24.9,11.7,0.909,{'rating': 1},Oklahoma,2018
4,SEC,"{'rating': 13.4, 'success': 119.5, 'explosiveness': 112.6, 'rushing': 108.8, 'passing': 123, 'standardDowns': 115.5, 'passingDowns': 117.3, 'havoc': {'total': 0.188, 'frontSeven': 0.097, 'db': 0.091}}","{'rating': 34.8, 'success': 102.6, 'explosiveness': 96.1, 'rushing': 96.9, 'passing': 103.5, 'standardDowns': 102, 'passingDowns': 90.9, 'runRate': 0.555, 'pace': -0.2}",24.2,9.1,0.75,{'rating': 2.7},LSU,2018
5,Big Ten,"{'rating': 21.2, 'success': 108.1, 'explosiveness': 89.4, 'rushing': 100.3, 'passing': 101.5, 'standardDowns': 100, 'passingDowns': 93.4, 'havoc': {'total': 0.184, 'frontSeven': 0.122, 'db': 0.062}}","{'rating': 44.4, 'success': 121.4, 'explosiveness': 102.4, 'rushing': 101.3, 'passing': 120, 'standardDowns': 109.8, 'passingDowns': 120.9, 'runRate': 0.463, 'pace': -1.1}",24.1,10.9,0.899,{'rating': 0.8},Ohio State,2018
6,SEC,"{'rating': 14.1, 'success': 121.8, 'explosiveness': 99.3, 'rushing': 113.9, 'passing': 112.6, 'standardDowns': 110.6, 'passingDowns': 113.1, 'havoc': {'total': 0.179, 'frontSeven': 0.11, 'db': 0.069}}","{'rating': 36.9, 'success': 102.3, 'explosiveness': 102.4, 'rushing': 97.4, 'passing': 106.1, 'standardDowns': 100, 'passingDowns': 109.8, 'runRate': 0.47900000000000004, 'pace': -1.3}",23.6,8.2,0.761,{'rating': 0.7000000000000001},Auburn,2018
7,SEC,"{'rating': 10.5, 'success': 126.4, 'explosiveness': 111.6, 'rushing': 117.2, 'passing': 123, 'standardDowns': 114.5, 'passingDowns': 132.4, 'havoc': {'total': 0.203, 'frontSeven': 0.109, 'db': 0.093}}","{'rating': 34.6, 'success': 111.6, 'explosiveness': 95.8, 'rushing': 119.1, 'passing': 95.3, 'standardDowns': 104.9, 'passingDowns': 101.8, 'runRate': 0.5630000000000001, 'pace': 2.2}",23.2,8.7,0.791,{'rating': -0.9},Mississippi State,2018
8,SEC,"{'rating': 17.4, 'success': 113.2, 'explosiveness': 101.7, 'rushing': 106.6, 'passing': 109, 'standardDowns': 111.2, 'passingDowns': 98.9, 'havoc': {'total': 0.187, 'frontSeven': 0.109, 'db': 0.077}}","{'rating': 38.6, 'success': 111.1, 'explosiveness': 103.3, 'rushing': 110.3, 'passing': 107.2, 'standardDowns': 106.6, 'passingDowns': 106.1, 'runRate': 0.552, 'pace': -0.1}",23.0,9.7,0.8130000000000001,{'rating': 1.7000000000000002},Florida,2018
9,Big Ten,"{'rating': 14.3, 'success': 128.2, 'explosiveness': 94.2, 'rushing': 112.4, 'passing': 110, 'standardDowns': 111, 'passingDowns': 113.6, 'havoc': {'total': 0.186, 'frontSeven': 0.11900000000000001, 'db': 0.067}}","{'rating': 35.5, 'success': 113.7, 'explosiveness': 100.3, 'rushing': 105.8, 'passing': 113.7, 'standardDowns': 109.2, 'passingDowns': 102.2, 'runRate': 0.5700000000000001, 'pace': 3.2}",22.0,10.3,0.867,{'rating': 0.9},Michigan,2018
10,SEC,"{'rating': 19.8, 'success': 115.7, 'explosiveness': 89, 'rushing': 113.2, 'passing': 100.8, 'standardDowns': 103.7, 'passingDowns': 99.8, 'havoc': {'total': 0.20400000000000001, 'frontSeven': 0.121, 'db': 0.084}}","{'rating': 40.3, 'success': 114.8, 'explosiveness': 101.5, 'rushing': 111.5, 'passing': 107.4, 'standardDowns': 106, 'passingDowns': 115.6, 'runRate': 0.499, 'pace': 1.8}",21.6,9.0,0.761,{'rating': 1.1},Texas A&M,2018
11,SEC,"{'rating': 21, 'success': 114, 'explosiveness': 99.2, 'rushing': 123, 'passing': 100.1, 'standardDowns': 107.6, 'passingDowns': 106.9, 'havoc': {'total': 0.147, 'frontSeven': 0.084, 'db': 0.064}}","{'rating': 41.3, 'success': 113, 'explosiveness': 102.7, 'rushing': 108.4, 'passing': 110, 'standardDowns': 107.3, 'passingDowns': 108.9, 'runRate': 0.503, 'pace': -1.6}",20.8,9.3,0.794,{'rating': 0.5},Missouri,2018
12,FBS Independents,"{'rating': 14.5, 'success': 112, 'explosiveness': 116.4, 'rushing': 112.6, 'passing': 116.2, 'standardDowns': 110.4, 'passingDowns': 120, 'havoc': {'total': 0.17300000000000001, 'frontSeven': 0.10300000000000001, 'db': 0.07100000000000001}}","{'rating': 34.6, 'success': 104.7, 'explosiveness': 103.1, 'rushing': 98, 'passing': 108.6, 'standardDowns': 103.7, 'passingDowns': 103.2, 'runRate': 0.516, 'pace': -2.1}",20.7,10.3,0.905,{'rating': 0.6000000000000001},Notre Dame,2018
13,Pac-12,"{'rating': 12.7, 'success': 109.9, 'explosiveness': 120.3, 'rushing': 119.1, 'passing': 111.8, 'standardDowns': 110.1, 'passingDowns': 120.3, 'havoc': {'total': 0.159, 'frontSeven': 0.079, 'db': 0.08}}","{'rating': 34.5, 'success': 110.8, 'explosiveness': 97.4, 'rushing': 106.4, 'passing': 107.8, 'standardDowns': 105.6, 'passingDowns': 104.4, 'runRate': 0.553, 'pace': 1.9}",19.9,10.9,0.88,{'rating': -1.9},Washington,2018
14,Big Ten,"{'rating': 14.6, 'success': 110.8, 'explosiveness': 106.4, 'rushing': 106, 'passing': 112.5, 'standardDowns': 106.9, 'passingDowns': 113.9, 'havoc': {'total': 0.199, 'frontSeven': 0.121, 'db': 0.077}}","{'rating': 33.9, 'success': 107.1, 'explosiveness': 103.3, 'rushing': 111.2, 'passing': 101.9, 'standardDowns': 107.7, 'passingDowns': 100, 'runRate': 0.536, 'pace': -2.1}",19.0,9.7,0.868,{'rating': -0.30000000000000004},Penn State,2018
15,Mountain West,"{'rating': 15.5, 'success': 121.4, 'explosiveness': 117.6, 'rushing': 126.3, 'passing': 114.2, 'standardDowns': 117.3, 'passingDowns': 124.1, 'havoc': {'total': 0.167, 'frontSeven': 0.088, 'db': 0.079}}","{'rating': 33.5, 'success': 111.3, 'explosiveness': 99.2, 'rushing': 96.3, 'passing': 111.3, 'standardDowns': 103.5, 'passingDowns': 111.1, 'runRate': 0.455, 'pace': 2.1}",17.4,12.1,0.9440000000000001,{'rating': -0.6000000000000001},Fresno State,2018
16,Pac-12,"{'rating': 18.1, 'success': 115.4, 'explosiveness': 101, 'rushing': 118.4, 'passing': 104.8, 'standardDowns': 109.2, 'passingDowns': 110.7, 'havoc': {'total': 0.198, 'frontSeven': 0.131, 'db': 0.067}}","{'rating': 31.9, 'success': 108.7, 'explosiveness': 97.1, 'rushing': 107.4, 'passing': 102.5, 'standardDowns': 104.7, 'passingDowns': 103.1, 'runRate': 0.522, 'pace': -0.30000000000000004}",16.8,9.2,0.887,{'rating': 3},Utah,2018
17,American Athletic,"{'rating': 25.2, 'success': 103.6, 'explosiveness': 105.7, 'rushing': 105.1, 'passing': 103.3, 'standardDowns': 109.2, 'passingDowns': 95.3, 'havoc': {'total': 0.193, 'frontSeven': 0.111, 'db': 0.082}}","{'rating': 39.9, 'success': 111.1, 'explosiveness': 105.8, 'rushing': 107.3, 'passing': 113, 'standardDowns': 105.1, 'passingDowns': 116, 'runRate': 0.5670000000000001, 'pace': -6.4}",16.5,10.6,0.9540000000000001,{'rating': 1.8},UCF,2018
18,Big Ten,"{'rating': 21.6, 'success': 104, 'explosiveness': 101.6, 'rushing': 102.7, 'passing': 102.2, 'standardDowns': 101.8, 'passingDowns': 103.1, 'havoc': {'total': 0.163, 'frontSeven': 0.098, 'db': 0.065}}","{'rating': 39.3, 'success': 121.5, 'explosiveness': 95.6, 'rushing': 123.1, 'passing': 98.1, 'standardDowns': 112.2, 'passingDowns': 102.7, 'runRate': 0.602, 'pace': 1.2}",15.5,8.7,0.899,{'rating': -2.3},Wisconsin,2018
19,SEC,"{'rating': 23.6, 'success': 93.2, 'explosiveness': 119.5, 'rushing': 97.8, 'passing': 106.1, 'standardDowns': 97.6, 'passingDowns': 118.6, 'havoc': {'total': 0.14200000000000002, 'frontSeven': 0.085, 'db': 0.057}}","{'rating': 36.4, 'success': 101.5, 'explosiveness': 106.2, 'rushing': 96.3, 'passing': 108.8, 'standardDowns': 97.9, 'passingDowns': 115.5, 'runRate': 0.47900000000000004, 'pace': -2.8}",14.9,5.8,0.788,{'rating': 2},South Carolina,2018
20,Mountain West,"{'rating': 22.5, 'success': 110.7, 'explosiveness': 107.3, 'rushing': 109.3, 'passing': 108.6, 'standardDowns': 105.6, 'passingDowns': 119.5, 'havoc': {'total': 0.184, 'frontSeven': 0.092, 'db': 0.091}}","{'rating': 36.3, 'success': 113.3, 'explosiveness': 110.3, 'rushing': 109.8, 'passing': 109.1, 'standardDowns': 109.4, 'passingDowns': 119.1, 'runRate': 0.432, 'pace': -2.7}",14.2,10.0,0.9560000000000001,{'rating': 0.4},Utah State,2018
21,Big 12,"{'rating': 28.9, 'success': 105.3, 'explosiveness': 91.9, 'rushing': 96.9, 'passing': 101.8, 'standardDowns': 99, 'passingDowns': 102.9, 'havoc': {'total': 0.153, 'frontSeven': 0.1, 'db': 0.053}}","{'rating': 42, 'success': 106.6, 'explosiveness': 105.4, 'rushing': 108.3, 'passing': 103.5, 'standardDowns': 104.3, 'passingDowns': 107, 'runRate': 0.466, 'pace': -3.8}",13.8,7.6,0.892,{'rating': 0.7000000000000001},Oklahoma State,2018
22,Big Ten,"{'rating': 17.7, 'success': 107.2, 'explosiveness': 118.6, 'rushing': 112.4, 'passing': 109, 'standardDowns': 110.2, 'passingDowns': 112.5, 'havoc': {'total': 0.17400000000000002, 'frontSeven': 0.107, 'db': 0.068}}","{'rating': 30.3, 'success': 95.2, 'explosiveness': 99.7, 'rushing': 86.4, 'passing': 104.6, 'standardDowns': 93.5, 'passingDowns': 102.5, 'runRate': 0.504, 'pace': 2.8}",13.3,8.8,0.911,{'rating': 0.7000000000000001},Iowa,2018
23,Big 12,"{'rating': 29.2, 'success': 97.1, 'explosiveness': 104.3, 'rushing': 98.6, 'passing': 99.7, 'standardDowns': 100.2, 'passingDowns': 96.3, 'havoc': {'total': 0.194, 'frontSeven': 0.10300000000000001, 'db': 0.091}}","{'rating': 41.1, 'success': 108, 'explosiveness': 116.8, 'rushing': 106, 'passing': 111.5, 'standardDowns': 108.4, 'passingDowns': 118.1, 'runRate': 0.431, 'pace': -0.7000000000000001}",13.2,7.5,0.888,{'rating': 1.3},West Virginia,2018
24,SEC,"{'rating': 16.3, 'success': 110.8, 'explosiveness': 107, 'rushing': 106.7, 'passing': 110.5, 'standardDowns': 109.8, 'passingDowns': 103.9, 'havoc': {'total': 0.198, 'frontSeven': 0.124, 'db': 0.075}}","{'rating': 29.5, 'success': 100.6, 'explosiveness': 93.8, 'rushing': 101.7, 'passing': 94.7, 'standardDowns': 98.8, 'passingDowns': 95, 'runRate': 0.599, 'pace': 1.5}",13.1,7.8,0.806,{'rating': -0.1},Kentucky,2018
25,Pac-12,"{'rating': 24.3, 'success': 97.5, 'explosiveness': 99.7, 'rushing': 102.2, 'passing': 96.4, 'standardDowns': 97.8, 'passingDowns': 100.3, 'havoc': {'total': 0.162, 'frontSeven': 0.09, 'db': 0.073}}","{'rating': 35.4, 'success': 106.6, 'explosiveness': 112.5, 'rushing': 91.5, 'passing': 115.5, 'standardDowns': 107.4, 'passingDowns': 113.2, 'runRate': 0.436, 'pace': 4.7}",13.0,8.4,0.877,{'rating': 1.8},Stanford,2018
26,ACC,"{'rating': 15.8, 'success': 119, 'explosiveness': 105.8, 'rushing': 110.5, 'passing': 118.1, 'standardDowns': 117.2, 'passingDowns': 103.6, 'havoc': {'total': 0.242, 'frontSeven': 0.164, 'db': 0.078}}","{'rating': 29.3, 'success': 90.7, 'explosiveness': 104, 'rushing': 103.8, 'passing': 89.2, 'standardDowns': 93.9, 'passingDowns': 100.2, 'runRate': 0.523, 'pace': 1.1}",12.7,8.8,0.922,{'rating': -0.8},Miami,2018
27,Mountain West,"{'rating': 22.8, 'success': 109.3, 'explosiveness': 97.7, 'rushing': 104.4, 'passing': 105.2, 'standardDowns': 100.8, 'passingDowns': 106, 'havoc': {'total': 0.166, 'frontSeven': 0.107, 'db': 0.059000000000000004}}","{'rating': 37.1, 'success': 119.6, 'explosiveness': 98, 'rushing': 112.1, 'passing': 108.2, 'standardDowns': 108.3, 'passingDowns': 114.3, 'runRate': 0.47500000000000003, 'pace': 1.3}",12.2,8.9,0.905,{'rating': -2},Boise State,2018
28,Sun Belt,"{'rating': 19, 'success': 120.1, 'explosiveness': 116.1, 'rushing': 120.2, 'passing': 118.8, 'standardDowns': 118.1, 'passingDowns': 121.3, 'havoc': {'total': 0.183, 'frontSeven': 0.112, 'db': 0.07100000000000001}}","{'rating': 30, 'success': 98.9, 'explosiveness': 104.4, 'rushing': 100.9, 'passing': 103, 'standardDowns': 98.6, 'passingDowns': 111.2, 'runRate': 0.595, 'pace': 0.8}",11.9,11.0,0.961,{'rating': 1},Appalachian State,2018
29,Big Ten,"{'rating': 10.8, 'success': 125, 'explosiveness': 109.8, 'rushing': 136.8, 'passing': 112.4, 'standardDowns': 113.9, 'passingDowns': 130.4, 'havoc': {'total': 0.20700000000000002, 'frontSeven': 0.14, 'db': 0.067}}","{'rating': 22, 'success': 88.1, 'explosiveness': 92.9, 'rushing': 88.8, 'passing': 89.5, 'standardDowns': 90.5, 'passingDowns': 86.8, 'runRate': 0.459, 'pace': 2.1}",11.5,7.5,0.867,{'rating': 0.30000000000000004},Michigan State,2018
30,Big 12,"{'rating': 24.4, 'success': 104.4, 'explosiveness': 106.9, 'rushing': 107.2, 'passing': 104.1, 'standardDowns': 104.3, 'passingDowns': 109.6, 'havoc': {'total': 0.177, 'frontSeven': 0.085, 'db': 0.092}}","{'rating': 35.3, 'success': 105.3, 'explosiveness': 92, 'rushing': 94.2, 'passing': 104, 'standardDowns': 99.5, 'passingDowns': 99, 'runRate': 0.508, 'pace': 0.6000000000000001}",11.3,8.3,0.865,{'rating': 0.4},Texas,2018
31,Pac-12,"{'rating': 27.3, 'success': 100.8, 'explosiveness': 99.8, 'rushing': 94.2, 'passing': 106.1, 'standardDowns': 99.4, 'passingDowns': 105.6, 'havoc': {'total': 0.18, 'frontSeven': 0.114, 'db': 0.066}}","{'rating': 38.8, 'success': 114.9, 'explosiveness': 100.6, 'rushing': 101.9, 'passing': 106.1, 'standardDowns': 106.9, 'passingDowns': 111.1, 'runRate': 0.272, 'pace': 5.1}",11.3,9.7,0.903,{'rating': -0.2},Washington State,2018
32,SEC,"{'rating': 31.2, 'success': 93.2, 'explosiveness': 98.1, 'rushing': 92.1, 'passing': 96.3, 'standardDowns': 93, 'passingDowns': 98.5, 'havoc': {'total': 0.163, 'frontSeven': 0.095, 'db': 0.069}}","{'rating': 42.1, 'success': 114.2, 'explosiveness': 113.7, 'rushing': 111.6, 'passing': 112.7, 'standardDowns': 113.5, 'passingDowns': 112.8, 'runRate': 0.41400000000000003, 'pace': -1.9}",9.8,5.9,0.786,{'rating': -1.2},Ole Miss,2018
33,Pac-12,"{'rating': 22.5, 'success': 111.9, 'explosiveness': 94.4, 'rushing': 102, 'passing': 105.7, 'standardDowns': 105.4, 'passingDowns': 99.7, 'havoc': {'total': 0.179, 'frontSeven': 0.10400000000000001, 'db': 0.075}}","{'rating': 31.7, 'success': 99, 'explosiveness': 104.2, 'rushing': 97.3, 'passing': 102.3, 'standardDowns': 101, 'passingDowns': 101.1, 'runRate': 0.464, 'pace': 1.5}",9.7,7.0,0.892,{'rating': 0.5},USC,2018
34,ACC,"{'rating': 26.7, 'success': 103, 'explosiveness': 94.2, 'rushing': 105.3, 'passing': 98.6, 'standardDowns': 102, 'passingDowns': 97, 'havoc': {'total': 0.182, 'frontSeven': 0.108, 'db': 0.073}}","{'rating': 35.1, 'success': 117.9, 'explosiveness': 93, 'rushing': 98.4, 'passing': 111.1, 'standardDowns': 103.9, 'passingDowns': 110.8, 'runRate': 0.461, 'pace': 1.8}",9.4,8.3,0.917,{'rating': 1.1},NC State,2018
35,American Athletic,"{'rating': 30.5, 'success': 99.8, 'explosiveness': 97, 'rushing': 104.5, 'passing': 95.3, 'standardDowns': 101.3, 'passingDowns': 94.4, 'havoc': {'total': 0.168, 'frontSeven': 0.109, 'db': 0.059000000000000004}}","{'rating': 38.8, 'success': 108.8, 'explosiveness': 109.3, 'rushing': 119.5, 'passing': 99.4, 'standardDowns': 109.1, 'passingDowns': 105.9, 'runRate': 0.561, 'pace': -2.6}",9.2,9.6,0.931,{'rating': 0.8},Memphis,2018
36,Big 12,"{'rating': 29.8, 'success': 102.5, 'explosiveness': 99.5, 'rushing': 105.5, 'passing': 98.6, 'standardDowns': 101.1, 'passingDowns': 98.4, 'havoc': {'total': 0.159, 'frontSeven': 0.079, 'db': 0.08}}","{'rating': 36.2, 'success': 107.5, 'explosiveness': 93.5, 'rushing': 94, 'passing': 102.4, 'standardDowns': 101.5, 'passingDowns': 105, 'runRate': 0.404, 'pace': -1.5}",8.7,6.2,0.885,{'rating': 2.4},Texas Tech,2018
37,Big 12,"{'rating': 21.5, 'success': 106.5, 'explosiveness': 110.5, 'rushing': 107.6, 'passing': 108.8, 'standardDowns': 110.6, 'passingDowns': 102.5, 'havoc': {'total': 0.17, 'frontSeven': 0.101, 'db': 0.069}}","{'rating': 29.9, 'success': 98.4, 'explosiveness': 106.4, 'rushing': 93.3, 'passing': 109.1, 'standardDowns': 101.1, 'passingDowns': 101.4, 'runRate': 0.526, 'pace': 1.4}",7.9,8.1,0.885,{'rating': -0.4},Iowa State,2018
38,SEC,"{'rating': 27.1, 'success': 95, 'explosiveness': 106.8, 'rushing': 92.8, 'passing': 104.6, 'standardDowns': 99, 'passingDowns': 101.3, 'havoc': {'total': 0.154, 'frontSeven': 0.083, 'db': 0.07100000000000001}}","{'rating': 35.6, 'success': 103.1, 'explosiveness': 109.7, 'rushing': 108.9, 'passing': 102.6, 'standardDowns': 103.7, 'passingDowns': 112.7, 'runRate': 0.466, 'pace': 3.6}",7.6,7.1,0.812,{'rating': -0.9},Vanderbilt,2018
39,ACC,"{'rating': 27.4, 'success': 108.1, 'explosiveness': 94.6, 'rushing': 102.3, 'passing': 103.3, 'standardDowns': 98.5, 'passingDowns': 112, 'havoc': {'total': 0.167, 'frontSeven': 0.10400000000000001, 'db': 0.064}}","{'rating': 32.1, 'success': 104, 'explosiveness': 97.8, 'rushing': 103, 'passing': 102.6, 'standardDowns': 99.1, 'passingDowns': 107.6, 'runRate': 0.5, 'pace': -3.5}",7.5,8.5,0.898,{'rating': 2.8},Syracuse,2018
40,Pac-12,"{'rating': 25.8, 'success': 101.3, 'explosiveness': 99.9, 'rushing': 102.2, 'passing': 99.6, 'standardDowns': 99.1, 'passingDowns': 108.3, 'havoc': {'total': 0.181, 'frontSeven': 0.107, 'db': 0.074}}","{'rating': 34.7, 'success': 99.9, 'explosiveness': 102.7, 'rushing': 99.5, 'passing': 103.6, 'standardDowns': 96.5, 'passingDowns': 113, 'runRate': 0.516, 'pace': -2.8}",7.3,7.6,0.909,{'rating': -1.7000000000000002},Oregon,2018
41,ACC,"{'rating': 22, 'success': 115.8, 'explosiveness': 100.9, 'rushing': 108, 'passing': 109.5, 'standardDowns': 108.1, 'passingDowns': 112.7, 'havoc': {'total': 0.19, 'frontSeven': 0.085, 'db': 0.105}}","{'rating': 29.7, 'success': 100.5, 'explosiveness': 93.3, 'rushing': 92.8, 'passing': 101.4, 'standardDowns': 103.1, 'passingDowns': 80.9, 'runRate': 0.52, 'pace': 3.5}",7.1,8.9,0.9410000000000001,{'rating': -0.6000000000000001},Virginia,2018
42,Big 12,"{'rating': 16.9, 'success': 118, 'explosiveness': 106.7, 'rushing': 110, 'passing': 113.8, 'standardDowns': 114.4, 'passingDowns': 108.7, 'havoc': {'total': 0.168, 'frontSeven': 0.094, 'db': 0.075}}","{'rating': 25.7, 'success': 93.3, 'explosiveness': 92.5, 'rushing': 96.3, 'passing': 92.3, 'standardDowns': 95, 'passingDowns': 96.1, 'runRate': 0.526, 'pace': 1.2}",6.9,7.1,0.865,{'rating': -1.8},TCU,2018
43,Big Ten,"{'rating': 30.8, 'success': 97, 'explosiveness': 98, 'rushing': 102.4, 'passing': 95.3, 'standardDowns': 95.1, 'passingDowns': 100.1, 'havoc': {'total': 0.121, 'frontSeven': 0.067, 'db': 0.054}}","{'rating': 37.2, 'success': 107.6, 'explosiveness': 114.5, 'rushing': 106.2, 'passing': 108.3, 'standardDowns': 109.9, 'passingDowns': 107.8, 'runRate': 0.378, 'pace': 1.7000000000000002}",6.5,7.5,0.867,{'rating': None},Purdue,2018
44,Big Ten,"{'rating': 22.8, 'success': 107, 'explosiveness': 92.2, 'rushing': 98.3, 'passing': 104.3, 'standardDowns': 101.6, 'passingDowns': 97.9, 'havoc': {'total': 0.16, 'frontSeven': 0.089, 'db': 0.07100000000000001}}","{'rating': 28.2, 'success': 100.6, 'explosiveness': 98.4, 'rushing': 97.6, 'passing': 104.1, 'standardDowns': 99.4, 'passingDowns': 101.7, 'runRate': 0.558, 'pace': 2.3}",6.3,6.9,0.884,{'rating': 1},Minnesota,2018
45,FBS Independents,"{'rating': 22.3, 'success': 104, 'explosiveness': 125.7, 'rushing': 110, 'passing': 112.8, 'standardDowns': 109.8, 'passingDowns': 117.6, 'havoc': {'total': 0.12, 'frontSeven': 0.084, 'db': 0.037}}","{'rating': 28.9, 'success': 108.3, 'explosiveness': 94.2, 'rushing': 104.9, 'passing': 100.3, 'standardDowns': 105.6, 'passingDowns': 96.6, 'runRate': 0.516, 'pace': 1.9}",6.2,8.1,0.896,{'rating': -0.4},BYU,2018
46,Mountain West,"{'rating': 21, 'success': 112.9, 'explosiveness': 106.7, 'rushing': 119.9, 'passing': 103.7, 'standardDowns': 113.4, 'passingDowns': 104.1, 'havoc': {'total': 0.155, 'frontSeven': 0.07100000000000001, 'db': 0.084}}","{'rating': 25.6, 'success': 90, 'explosiveness': 100.5, 'rushing': 95.2, 'passing': 96.5, 'standardDowns': 97.7, 'passingDowns': 85.1, 'runRate': 0.613, 'pace': 1.5}",6.0,7.6,0.934,{'rating': 1.4},San Diego State,2018
47,SEC,"{'rating': 28.9, 'success': 93.5, 'explosiveness': 109.4, 'rushing': 101.1, 'passing': 97.4, 'standardDowns': 97.5, 'passingDowns': 106.3, 'havoc': {'total': 0.14400000000000002, 'frontSeven': 0.08600000000000001, 'db': 0.058}}","{'rating': 33.4, 'success': 92.2, 'explosiveness': 110.6, 'rushing': 93.4, 'passing': 104.7, 'standardDowns': 97.3, 'passingDowns': 104.5, 'runRate': 0.541, 'pace': 3.1}",5.5,4.3,0.759,{'rating': 1},Tennessee,2018
48,American Athletic,"{'rating': 22.6, 'success': 123.8, 'explosiveness': 101.2, 'rushing': 123, 'passing': 108.2, 'standardDowns': 113.4, 'passingDowns': 105.4, 'havoc': {'total': 0.189, 'frontSeven': 0.12, 'db': 0.069}}","{'rating': 28.3, 'success': 100.1, 'explosiveness': 93.5, 'rushing': 100.1, 'passing': 95.3, 'standardDowns': 94.2, 'passingDowns': 102.7, 'runRate': 0.562, 'pace': -0.2}",5.4,9.6,0.9550000000000001,{'rating': -0.4},Cincinnati,2018
49,Big Ten,"{'rating': 26.9, 'success': 96.8, 'explosiveness': 98.8, 'rushing': 91.8, 'passing': 102.4, 'standardDowns': 100.5, 'passingDowns': 93.1, 'havoc': {'total': 0.162, 'frontSeven': 0.08600000000000001, 'db': 0.076}}","{'rating': 32.7, 'success': 115.2, 'explosiveness': 99.5, 'rushing': 118, 'passing': 102.1, 'standardDowns': 108.9, 'passingDowns': 109.2, 'runRate': 0.495, 'pace': -2.3}",5.4,6.7,0.868,{'rating': -0.4},Nebraska,2018
50,Pac-12,"{'rating': 30.4, 'success': 90, 'explosiveness': 107.6, 'rushing': 93.1, 'passing': 97.4, 'standardDowns': 95.5, 'passingDowns': 102.1, 'havoc': {'total': 0.17, 'frontSeven': 0.098, 'db': 0.073}}","{'rating': 33.9, 'success': 108.4, 'explosiveness': 102.3, 'rushing': 110.6, 'passing': 103, 'standardDowns': 105.9, 'passingDowns': 101.5, 'runRate': 0.524, 'pace': -0.1}",5.0,6.3,0.892,{'rating': 1.5},Arizona State,2018
51,ACC,"{'rating': 25, 'success': 106.8, 'explosiveness': 98.1, 'rushing': 102.1, 'passing': 107.1, 'standardDowns': 106.3, 'passingDowns': 97.4, 'havoc': {'total': 0.14200000000000002, 'frontSeven': 0.078, 'db': 0.064}}","{'rating': 30.5, 'success': 101.7, 'explosiveness': 100.5, 'rushing': 98.5, 'passing': 102.2, 'standardDowns': 103.3, 'passingDowns': 94.5, 'runRate': 0.447, 'pace': -2.1}",5.0,6.8,0.901,{'rating': -0.5},Duke,2018
52,SEC,"{'rating': 25.7, 'success': 95.6, 'explosiveness': 104.4, 'rushing': 102.5, 'passing': 95.4, 'standardDowns': 99.3, 'passingDowns': 96.8, 'havoc': {'total': 0.156, 'frontSeven': 0.12, 'db': 0.036000000000000004}}","{'rating': 29.7, 'success': 89.9, 'explosiveness': 92.8, 'rushing': 96.4, 'passing': 88.4, 'standardDowns': 90, 'passingDowns': 94.1, 'runRate': 0.516, 'pace': 0.9}",4.5,3.4,0.777,{'rating': 0.5},Arkansas,2018
53,Mid-American,"{'rating': 35, 'success': 93.1, 'explosiveness': 93.3, 'rushing': 95.1, 'passing': 93.2, 'standardDowns': 94.3, 'passingDowns': 92.2, 'havoc': {'total': 0.192, 'frontSeven': 0.106, 'db': 0.08600000000000001}}","{'rating': 38.2, 'success': 124.8, 'explosiveness': 106.7, 'rushing': 122.1, 'passing': 113.1, 'standardDowns': 117.6, 'passingDowns': 110, 'runRate': 0.579, 'pace': 2.8}",4.0,8.9,0.974,{'rating': 0.8},Ohio,2018
54,ACC,"{'rating': 29.4, 'success': 101, 'explosiveness': 86.2, 'rushing': 91.5, 'passing': 98.2, 'standardDowns': 97.1, 'passingDowns': 88.8, 'havoc': {'total': 0.146, 'frontSeven': 0.083, 'db': 0.062}}","{'rating': 32.8, 'success': 106.5, 'explosiveness': 101.6, 'rushing': 101, 'passing': 108.2, 'standardDowns': 105.6, 'passingDowns': 106.3, 'runRate': 0.515, 'pace': -0.7000000000000001}",3.9,5.7,0.921,{'rating': 0.4},Virginia Tech,2018
55,Pac-12,"{'rating': 15.6, 'success': 111.5, 'explosiveness': 118.9, 'rushing': 109.8, 'passing': 115, 'standardDowns': 111.8, 'passingDowns': 119.2, 'havoc': {'total': 0.17300000000000001, 'frontSeven': 0.10400000000000001, 'db': 0.068}}","{'rating': 18.3, 'success': 93.7, 'explosiveness': 84.3, 'rushing': 94.7, 'passing': 85.8, 'standardDowns': 91.8, 'passingDowns': 85.9, 'runRate': 0.496, 'pace': 0.6000000000000001}",3.9,6.5,0.909,{'rating': 1.2},California,2018
56,ACC,"{'rating': 28.1, 'success': 103, 'explosiveness': 103.7, 'rushing': 107.6, 'passing': 101.6, 'standardDowns': 104, 'passingDowns': 99.8, 'havoc': {'total': 0.148, 'frontSeven': 0.082, 'db': 0.066}}","{'rating': 31.2, 'success': 101, 'explosiveness': 89.5, 'rushing': 97.5, 'passing': 95.6, 'standardDowns': 97.2, 'passingDowns': 92.4, 'runRate': 0.517, 'pace': -5.6}",3.6,7.4,0.89,{'rating': 0.5},Wake Forest,2018
57,Pac-12,"{'rating': 29, 'success': 99.6, 'explosiveness': 95.6, 'rushing': 100.3, 'passing': 96.4, 'standardDowns': 98.3, 'passingDowns': 99.7, 'havoc': {'total': 0.155, 'frontSeven': 0.085, 'db': 0.07}}","{'rating': 32.3, 'success': 94.3, 'explosiveness': 108.4, 'rushing': 96.4, 'passing': 103.1, 'standardDowns': 99.7, 'passingDowns': 100.6, 'runRate': 0.535, 'pace': -2.7}",3.6,5.3,0.918,{'rating': 0.30000000000000004},Arizona,2018
58,Big Ten,"{'rating': 25.9, 'success': 100.4, 'explosiveness': 103, 'rushing': 97.5, 'passing': 101, 'standardDowns': 100.2, 'passingDowns': 101.2, 'havoc': {'total': 0.134, 'frontSeven': 0.058, 'db': 0.077}}","{'rating': 27.6, 'success': 92.3, 'explosiveness': 120.8, 'rushing': 110.9, 'passing': 99.9, 'standardDowns': 101, 'passingDowns': 113.8, 'runRate': 0.62, 'pace': 1}",3.0,5.3,0.861,{'rating': 1.3},Maryland,2018
59,American Athletic,"{'rating': 23.9, 'success': 105.8, 'explosiveness': 118.8, 'rushing': 105.5, 'passing': 116.6, 'standardDowns': 112.7, 'passingDowns': 106.1, 'havoc': {'total': 0.156, 'frontSeven': 0.08, 'db': 0.076}}","{'rating': 28.1, 'success': 104.7, 'explosiveness': 100.1, 'rushing': 96.5, 'passing': 106.1, 'standardDowns': 100.2, 'passingDowns': 111.4, 'runRate': 0.491, 'pace': -1.4}",2.9,8.5,0.9510000000000001,{'rating': -1.3},Temple,2018
60,ACC,"{'rating': 26.6, 'success': 106.1, 'explosiveness': 96.3, 'rushing': 100.4, 'passing': 102.7, 'standardDowns': 101.2, 'passingDowns': 102.4, 'havoc': {'total': 0.17500000000000002, 'frontSeven': 0.10300000000000001, 'db': 0.073}}","{'rating': 29, 'success': 100.7, 'explosiveness': 106.7, 'rushing': 115.4, 'passing': 92.1, 'standardDowns': 103.5, 'passingDowns': 101.9, 'runRate': 0.612, 'pace': 3.6}",2.7,6.8,0.849,{'rating': 0.4},Pittsburgh,2018
61,Sun Belt,"{'rating': 25.6, 'success': 108.3, 'explosiveness': 109.7, 'rushing': 115.7, 'passing': 104.9, 'standardDowns': 109.4, 'passingDowns': 107, 'havoc': {'total': 0.196, 'frontSeven': 0.12, 'db': 0.077}}","{'rating': 26.4, 'success': 91.6, 'explosiveness': 108.5, 'rushing': 93.7, 'passing': 101.4, 'standardDowns': 101.2, 'passingDowns': 105.3, 'runRate': 0.526, 'pace': 1.5}",2.6,8.8,0.961,{'rating': 1.8},Troy,2018
62,ACC,"{'rating': 22.1, 'success': 103.9, 'explosiveness': 104.9, 'rushing': 104.7, 'passing': 103.3, 'standardDowns': 102.1, 'passingDowns': 111.4, 'havoc': {'total': 0.168, 'frontSeven': 0.10300000000000001, 'db': 0.065}}","{'rating': 26.5, 'success': 91.7, 'explosiveness': 99.5, 'rushing': 90.2, 'passing': 104.1, 'standardDowns': 96.4, 'passingDowns': 93.4, 'runRate': 0.611, 'pace': -4.5}",2.4,6.2,0.896,{'rating': -1.9},Boston College,2018
63,American Athletic,"{'rating': 34.9, 'success': 92.3, 'explosiveness': 102.6, 'rushing': 97.2, 'passing': 95.7, 'standardDowns': 96.1, 'passingDowns': 98.5, 'havoc': {'total': 0.156, 'frontSeven': 0.10200000000000001, 'db': 0.053}}","{'rating': 36.7, 'success': 102.6, 'explosiveness': 116.1, 'rushing': 108.6, 'passing': 107.3, 'standardDowns': 105.7, 'passingDowns': 113.4, 'runRate': 0.495, 'pace': -5.9}",2.3,8.1,0.961,{'rating': 0.6000000000000001},Houston,2018
64,Conference USA,"{'rating': 29.5, 'success': 100.6, 'explosiveness': 96.4, 'rushing': 101.1, 'passing': 97.4, 'standardDowns': 98.2, 'passingDowns': 100.7, 'havoc': {'total': 0.184, 'frontSeven': 0.107, 'db': 0.077}}","{'rating': 29.2, 'success': 107, 'explosiveness': 102.5, 'rushing': 105.3, 'passing': 102.2, 'standardDowns': 106.3, 'passingDowns': 100.2, 'runRate': 0.433, 'pace': 1.1}",2.1,9.8,0.981,{'rating': 2.4},North Texas,2018
65,Big 12,"{'rating': 30.3, 'success': 103.1, 'explosiveness': 87.9, 'rushing': 94.5, 'passing': 98.1, 'standardDowns': 97, 'passingDowns': 94.6, 'havoc': {'total': 0.14, 'frontSeven': 0.08700000000000001, 'db': 0.053}}","{'rating': 33.1, 'success': 103.7, 'explosiveness': 96.6, 'rushing': 106.6, 'passing': 97.2, 'standardDowns': 101.2, 'passingDowns': 99.2, 'runRate': 0.47600000000000003, 'pace': 0.9}",2.0,6.9,0.889,{'rating': -0.8},Baylor,2018
66,Mid-American,"{'rating': 34.4, 'success': 90.7, 'explosiveness': 94.6, 'rushing': 88.6, 'passing': 96, 'standardDowns': 93, 'passingDowns': 91.2, 'havoc': {'total': 0.17300000000000001, 'frontSeven': 0.10300000000000001, 'db': 0.07100000000000001}}","{'rating': 35.2, 'success': 109.1, 'explosiveness': 108.5, 'rushing': 115.2, 'passing': 103.5, 'standardDowns': 111, 'passingDowns': 100.1, 'runRate': 0.535, 'pace': -1.3}",2.0,7.1,0.9530000000000001,{'rating': 1.1},Toledo,2018
67,Mountain West,"{'rating': 23.7, 'success': 108, 'explosiveness': 114.3, 'rushing': 102.9, 'passing': 115.4, 'standardDowns': 108.1, 'passingDowns': 111.3, 'havoc': {'total': 0.165, 'frontSeven': 0.115, 'db': 0.05}}","{'rating': 25.1, 'success': 86.9, 'explosiveness': 96.6, 'rushing': 103.2, 'passing': 78.9, 'standardDowns': 93.4, 'passingDowns': 90.9, 'runRate': 0.616, 'pace': 0.8}",1.9,6.3,0.907,{'rating': 0.4},Wyoming,2018
68,Big Ten,"{'rating': 21.6, 'success': 104.1, 'explosiveness': 102.2, 'rushing': 113.3, 'passing': 99, 'standardDowns': 102.9, 'passingDowns': 104.8, 'havoc': {'total': 0.166, 'frontSeven': 0.10300000000000001, 'db': 0.063}}","{'rating': 25.5, 'success': 95.7, 'explosiveness': 90.8, 'rushing': 87.9, 'passing': 97.2, 'standardDowns': 94.6, 'passingDowns': 92.6, 'runRate': 0.465, 'pace': -0.6000000000000001}",1.9,6.2,0.854,{'rating': -2},Northwestern,2018
69,Big Ten,"{'rating': 29.1, 'success': 96.3, 'explosiveness': 98.2, 'rushing': 100.1, 'passing': 93.7, 'standardDowns': 98.7, 'passingDowns': 92.5, 'havoc': {'total': 0.151, 'frontSeven': 0.082, 'db': 0.069}}","{'rating': 30.2, 'success': 108.8, 'explosiveness': 91.6, 'rushing': 101.6, 'passing': 99.7, 'standardDowns': 100.3, 'passingDowns': 103.6, 'runRate': 0.433, 'pace': -1.4}",1.6,4.7,0.861,{'rating': 0.4},Indiana,2018
70,ACC,"{'rating': 22.8, 'success': 110, 'explosiveness': 103.1, 'rushing': 110, 'passing': 104.2, 'standardDowns': 108, 'passingDowns': 103.2, 'havoc': {'total': 0.157, 'frontSeven': 0.101, 'db': 0.057}}","{'rating': 25, 'success': 85, 'explosiveness': 115.1, 'rushing': 88.6, 'passing': 102.9, 'standardDowns': 98.1, 'passingDowns': 98.3, 'runRate': 0.464, 'pace': -0.6000000000000001}",1.4,4.4,0.85,{'rating': -0.8},Florida State,2018
71,Sun Belt,"{'rating': 27.9, 'success': 111, 'explosiveness': 93.7, 'rushing': 99.7, 'passing': 106.4, 'standardDowns': 105.3, 'passingDowns': 97.5, 'havoc': {'total': 0.193, 'frontSeven': 0.111, 'db': 0.082}}","{'rating': 29.9, 'success': 104.5, 'explosiveness': 93.9, 'rushing': 99.9, 'passing': 99, 'standardDowns': 101.9, 'passingDowns': 95.5, 'runRate': 0.489, 'pace': -1.1}",1.2,8.7,0.926,{'rating': -0.8},Arkansas State,2018
72,Conference USA,"{'rating': 20.5, 'success': 117, 'explosiveness': 98.3, 'rushing': 115.2, 'passing': 104.7, 'standardDowns': 109.9, 'passingDowns': 99.9, 'havoc': {'total': 0.189, 'frontSeven': 0.121, 'db': 0.068}}","{'rating': 22, 'success': 99.3, 'explosiveness': 99.7, 'rushing': 100, 'passing': 98.5, 'standardDowns': 100.7, 'passingDowns': 95.2, 'runRate': 0.498, 'pace': 0.4}",1.0,9.2,0.971,{'rating': -0.5},Marshall,2018
73,ACC,"{'rating': 33.9, 'success': 83.6, 'explosiveness': 108.7, 'rushing': 94.6, 'passing': 90.4, 'standardDowns': 97.3, 'passingDowns': 85.9, 'havoc': {'total': 0.128, 'frontSeven': 0.058, 'db': 0.07100000000000001}}","{'rating': 33, 'success': 119.7, 'explosiveness': 87.7, 'rushing': 108.4, 'passing': 119.2, 'standardDowns': 107.6, 'passingDowns': 99.1, 'runRate': 0.8320000000000001, 'pace': -0.9}",0.30000000000000004,5.8,0.864,{'rating': 1.2},Georgia Tech,2018
74,Conference USA,"{'rating': 24.4, 'success': 118.3, 'explosiveness': 90.3, 'rushing': 107.3, 'passing': 104.1, 'standardDowns': 108.1, 'passingDowns': 98.2, 'havoc': {'total': 0.203, 'frontSeven': 0.14, 'db': 0.063}}","{'rating': 24.1, 'success': 106.2, 'explosiveness': 98.2, 'rushing': 103.9, 'passing': 109.3, 'standardDowns': 96.6, 'passingDowns': 117.2, 'runRate': 0.603, 'pace': 1.3}",-0.30000000000000004,10.1,0.961,{'rating': None},UAB,2018
75,Pac-12,"{'rating': 32.4, 'success': 92.5, 'explosiveness': 105.2, 'rushing': 97.1, 'passing': 95.9, 'standardDowns': 99, 'passingDowns': 93.8, 'havoc': {'total': 0.138, 'frontSeven': 0.085, 'db': 0.053}}","{'rating': 30.7, 'success': 105.5, 'explosiveness': 101.2, 'rushing': 107.8, 'passing': 101.4, 'standardDowns': 105, 'passingDowns': 100.4, 'runRate': 0.509, 'pace': -2}",-0.4,3.3,0.844,{'rating': 1.3},UCLA,2018
76,Mountain West,"{'rating': 28, 'success': 110, 'explosiveness': 101, 'rushing': 115.3, 'passing': 102.3, 'standardDowns': 106.2, 'passingDowns': 104.8, 'havoc': {'total': 0.17400000000000002, 'frontSeven': 0.10300000000000001, 'db': 0.07100000000000001}}","{'rating': 27.5, 'success': 93.5, 'explosiveness': 100.2, 'rushing': 95.6, 'passing': 94, 'standardDowns': 95.6, 'passingDowns': 99.4, 'runRate': 0.444, 'pace': 0.4}",-0.5,6.5,0.9400000000000001,{'rating': 0.1},Nevada,2018
77,Big 12,"{'rating': 27.5, 'success': 89.4, 'explosiveness': 108.1, 'rushing': 94.4, 'passing': 99.4, 'standardDowns': 92.4, 'passingDowns': 109.2, 'havoc': {'total': 0.134, 'frontSeven': 0.077, 'db': 0.058}}","{'rating': 27.2, 'success': 97.2, 'explosiveness': 90.2, 'rushing': 100.6, 'passing': 90.9, 'standardDowns': 91.1, 'passingDowns': 99.4, 'runRate': 0.596, 'pace': 1.7000000000000002}",-0.5,5.6,0.863,{'rating': -0.2},Kansas State,2018
78,Mid-American,"{'rating': 28.4, 'success': 103, 'explosiveness': 103.6, 'rushing': 103.7, 'passing': 102.7, 'standardDowns': 102.7, 'passingDowns': 103.8, 'havoc': {'total': 0.155, 'frontSeven': 0.085, 'db': 0.07100000000000001}}","{'rating': 26.2, 'success': 96, 'explosiveness': 101.6, 'rushing': 97.1, 'passing': 97.3, 'standardDowns': 100.6, 'passingDowns': 90.2, 'runRate': 0.502, 'pace': 1.3}",-0.7000000000000001,5.9,0.966,{'rating': 1.5},Miami (OH),2018
79,Pac-12,"{'rating': 27.2, 'success': 106.1, 'explosiveness': 101.7, 'rushing': 109.1, 'passing': 99.2, 'standardDowns': 105.3, 'passingDowns': 98.7, 'havoc': {'total': 0.145, 'frontSeven': 0.10200000000000001, 'db': 0.042}}","{'rating': 27, 'success': 87.6, 'explosiveness': 108.1, 'rushing': 90.6, 'passing': 97.3, 'standardDowns': 92.5, 'passingDowns': 104.2, 'runRate': 0.454, 'pace': -0.6000000000000001}",-0.7000000000000001,5.4,0.904,{'rating': -0.5},Colorado,2018
80,Conference USA,"{'rating': 29.9, 'success': 98.9, 'explosiveness': 100.5, 'rushing': 100.7, 'passing': 98.3, 'standardDowns': 97.2, 'passingDowns': 107.5, 'havoc': {'total': 0.14200000000000002, 'frontSeven': 0.073, 'db': 0.069}}","{'rating': 30.8, 'success': 105.4, 'explosiveness': 106.6, 'rushing': 107.4, 'passing': 105.4, 'standardDowns': 108.9, 'passingDowns': 100.5, 'runRate': 0.588, 'pace': -3.9}",-0.8,6.6,0.931,{'rating': -1.8},Florida Atlantic,2018
81,Mid-American,"{'rating': 29.9, 'success': 101, 'explosiveness': 96.9, 'rushing': 100.2, 'passing': 97.6, 'standardDowns': 100.9, 'passingDowns': 98.3, 'havoc': {'total': 0.159, 'frontSeven': 0.10300000000000001, 'db': 0.056}}","{'rating': 31.3, 'success': 106.5, 'explosiveness': 109.9, 'rushing': 103.3, 'passing': 113.5, 'standardDowns': 102.6, 'passingDowns': 120.7, 'runRate': 0.539, 'pace': 0.2}",-1.1,9.5,0.974,{'rating': -2.5},Buffalo,2018
82,American Athletic,"{'rating': 29.8, 'success': 102.5, 'explosiveness': 96.8, 'rushing': 97.1, 'passing': 103.2, 'standardDowns': 98.8, 'passingDowns': 102.7, 'havoc': {'total': 0.15, 'frontSeven': 0.08700000000000001, 'db': 0.062}}","{'rating': 29.1, 'success': 94.8, 'explosiveness': 102, 'rushing': 100.2, 'passing': 94.6, 'standardDowns': 97.9, 'passingDowns': 99.8, 'runRate': 0.518, 'pace': -3.3}",-1.2,6.7,0.9550000000000001,{'rating': -0.5},South Florida,2018
83,FBS Independents,"{'rating': 28.7, 'success': 100.4, 'explosiveness': 101.2, 'rushing': 103.6, 'passing': 100.8, 'standardDowns': 96.6, 'passingDowns': 110.3, 'havoc': {'total': 0.189, 'frontSeven': 0.081, 'db': 0.108}}","{'rating': 29.4, 'success': 102, 'explosiveness': 83, 'rushing': 97.3, 'passing': 125.8, 'standardDowns': 94.8, 'passingDowns': 90.5, 'runRate': 0.874, 'pace': 1.1}",-1.5,8.1,0.9420000000000001,{'rating': -2.2},Army,2018
84,Mountain West,"{'rating': 31.2, 'success': 102.8, 'explosiveness': 85.6, 'rushing': 112.8, 'passing': 86.2, 'standardDowns': 99.7, 'passingDowns': 88.2, 'havoc': {'total': 0.152, 'frontSeven': 0.099, 'db': 0.053}}","{'rating': 29.2, 'success': 111, 'explosiveness': 89.3, 'rushing': 105.2, 'passing': 115.6, 'standardDowns': 100.7, 'passingDowns': 107.7, 'runRate': 0.773, 'pace': -2.1}",-1.8,6.1,0.9450000000000001,{'rating': 0.2},Air Force,2018
85,Mid-American,"{'rating': 26.1, 'success': 101.9, 'explosiveness': 113.7, 'rushing': 102.1, 'passing': 110.4, 'standardDowns': 103.8, 'passingDowns': 109.4, 'havoc': {'total': 0.158, 'frontSeven': 0.094, 'db': 0.063}}","{'rating': 25.5, 'success': 94.1, 'explosiveness': 102.9, 'rushing': 94.9, 'passing': 99, 'standardDowns': 96.1, 'passingDowns': 103.4, 'runRate': 0.504, 'pace': 0.7000000000000001}",-2.0,8.5,0.97,{'rating': -1.5},Eastern Michigan,2018
86,Sun Belt,"{'rating': 31.6, 'success': 94.1, 'explosiveness': 114.1, 'rushing': 104.5, 'passing': 99.7, 'standardDowns': 97.9, 'passingDowns': 116.1, 'havoc': {'total': 0.156, 'frontSeven': 0.083, 'db': 0.073}}","{'rating': 27.9, 'success': 96.8, 'explosiveness': 99, 'rushing': 100.9, 'passing': 104.8, 'standardDowns': 97.7, 'passingDowns': 97.2, 'runRate': 0.807, 'pace': 2.3}",-2.4,7.9,0.934,{'rating': 1.4},Georgia Southern,2018
87,ACC,"{'rating': 31.9, 'success': 99, 'explosiveness': 94.4, 'rushing': 94.1, 'passing': 99.6, 'standardDowns': 95.6, 'passingDowns': 101.5, 'havoc': {'total': 0.171, 'frontSeven': 0.114, 'db': 0.058}}","{'rating': 29.9, 'success': 98.4, 'explosiveness': 104.5, 'rushing': 106.3, 'passing': 95.9, 'standardDowns': 100.8, 'passingDowns': 101.7, 'runRate': 0.47400000000000003, 'pace': -1.8}",-2.5,3.8,0.926,{'rating': -0.5},North Carolina,2018
88,Mid-American,"{'rating': 20.8, 'success': 116.7, 'explosiveness': 100.4, 'rushing': 126, 'passing': 102.4, 'standardDowns': 116.4, 'passingDowns': 98.1, 'havoc': {'total': 0.163, 'frontSeven': 0.12, 'db': 0.043000000000000003}}","{'rating': 19.1, 'success': 97.1, 'explosiveness': 84.3, 'rushing': 98.2, 'passing': 85.5, 'standardDowns': 92.5, 'passingDowns': 93.7, 'runRate': 0.546, 'pace': -2.7}",-2.7,7.4,0.9390000000000001,{'rating': -1},Northern Illinois,2018
89,American Athletic,"{'rating': 28.3, 'success': 113, 'explosiveness': 91.9, 'rushing': 107.2, 'passing': 101.5, 'standardDowns': 103.8, 'passingDowns': 99.5, 'havoc': {'total': 0.191, 'frontSeven': 0.094, 'db': 0.097}}","{'rating': 23.8, 'success': 88, 'explosiveness': 109, 'rushing': 98.2, 'passing': 101.1, 'standardDowns': 97.5, 'passingDowns': 95.7, 'runRate': 0.642, 'pace': 0.2}",-3.5,6.6,0.931,{'rating': 0.9},Tulane,2018
90,Conference USA,"{'rating': 28.7, 'success': 107.2, 'explosiveness': 100.6, 'rushing': 104, 'passing': 105, 'standardDowns': 105.8, 'passingDowns': 101.7, 'havoc': {'total': 0.178, 'frontSeven': 0.106, 'db': 0.073}}","{'rating': 24.4, 'success': 100.2, 'explosiveness': 102.1, 'rushing': 97.2, 'passing': 101.6, 'standardDowns': 100.1, 'passingDowns': 104.6, 'runRate': 0.443, 'pace': 0.9}",-3.8,8.3,0.919,{'rating': 0.5},Middle Tennessee,2018
91,Conference USA,"{'rating': 21.4, 'success': 119.1, 'explosiveness': 98.6, 'rushing': 116.7, 'passing': 106.3, 'standardDowns': 109.1, 'passingDowns': 106.5, 'havoc': {'total': 0.185, 'frontSeven': 0.095, 'db': 0.089}}","{'rating': 16.6, 'success': 93.1, 'explosiveness': 92.9, 'rushing': 87.1, 'passing': 94.2, 'standardDowns': 93.2, 'passingDowns': 92.2, 'runRate': 0.452, 'pace': 2.5}",-5.0,6.2,0.9510000000000001,{'rating': -0.30000000000000004},Southern Mississippi,2018
92,American Athletic,"{'rating': 29.7, 'success': 100.1, 'explosiveness': 105, 'rushing': 103.6, 'passing': 100.5, 'standardDowns': 103.8, 'passingDowns': 99.9, 'havoc': {'total': 0.158, 'frontSeven': 0.10400000000000001, 'db': 0.053}}","{'rating': 24, 'success': 85.8, 'explosiveness': 101.3, 'rushing': 87.9, 'passing': 91.5, 'standardDowns': 92.9, 'passingDowns': 90.8, 'runRate': 0.445, 'pace': -1.5}",-5.4,4.9,0.916,{'rating': 0.30000000000000004},SMU,2018
93,Conference USA,"{'rating': 27, 'success': 103, 'explosiveness': 103.4, 'rushing': 96.1, 'passing': 108.1, 'standardDowns': 100.8, 'passingDowns': 106.9, 'havoc': {'total': 0.184, 'frontSeven': 0.097, 'db': 0.08700000000000001}}","{'rating': 22, 'success': 98.4, 'explosiveness': 93, 'rushing': 98.4, 'passing': 93.9, 'standardDowns': 95.1, 'passingDowns': 100.7, 'runRate': 0.44, 'pace': 1.4}",-6.9,7.1,0.925,{'rating': -1.8},Louisiana Tech,2018
94,Sun Belt,"{'rating': 38.9, 'success': 93, 'explosiveness': 104.6, 'rushing': 99.6, 'passing': 91.6, 'standardDowns': 97.7, 'passingDowns': 98, 'havoc': {'total': 0.12, 'frontSeven': 0.07, 'db': 0.049}}","{'rating': 30.5, 'success': 104.6, 'explosiveness': 112.2, 'rushing': 109.6, 'passing': 107.7, 'standardDowns': 106.1, 'passingDowns': 110.5, 'runRate': 0.5670000000000001, 'pace': -0.1}",-6.9,7.0,0.889,{'rating': 1.5},Louisiana,2018
95,Conference USA,"{'rating': 34.7, 'success': 89.4, 'explosiveness': 109.5, 'rushing': 91.8, 'passing': 99.7, 'standardDowns': 95.4, 'passingDowns': 101.9, 'havoc': {'total': 0.151, 'frontSeven': 0.082, 'db': 0.069}}","{'rating': 26.7, 'success': 96.9, 'explosiveness': 99.9, 'rushing': 94.9, 'passing': 100.5, 'standardDowns': 97.6, 'passingDowns': 98, 'runRate': 0.529, 'pace': 2.2}",-7.4,7.4,0.971,{'rating': 0.6000000000000001},Florida International,2018
96,Big Ten,"{'rating': 38.6, 'success': 81.6, 'explosiveness': 93.7, 'rushing': 86.3, 'passing': 85.2, 'standardDowns': 86.1, 'passingDowns': 88.7, 'havoc': {'total': 0.15, 'frontSeven': 0.091, 'db': 0.059000000000000004}}","{'rating': 29.1, 'success': 105.7, 'explosiveness': 102.9, 'rushing': 117.4, 'passing': 92.8, 'standardDowns': 107.8, 'passingDowns': 97.4, 'runRate': 0.5660000000000001, 'pace': -1.4}",-7.9,3.9,0.909,{'rating': 1.5},Illinois,2018
97,ACC,"{'rating': 33.6, 'success': 81, 'explosiveness': 100.8, 'rushing': 84.1, 'passing': 91.5, 'standardDowns': 87.8, 'passingDowns': 92.1, 'havoc': {'total': 0.091, 'frontSeven': 0.062, 'db': 0.03}}","{'rating': 24.5, 'success': 94.6, 'explosiveness': 97.2, 'rushing': 104.8, 'passing': 88.3, 'standardDowns': 99.3, 'passingDowns': 89.5, 'runRate': 0.483, 'pace': 1.9}",-9.1,1.7000000000000002,0.844,{'rating': None},Louisville,2018
98,Mountain West,"{'rating': 35.7, 'success': 93.2, 'explosiveness': 89.6, 'rushing': 92.3, 'passing': 89.9, 'standardDowns': 94, 'passingDowns': 89.1, 'havoc': {'total': 0.14, 'frontSeven': 0.076, 'db': 0.064}}","{'rating': 23.8, 'success': 93.3, 'explosiveness': 84.3, 'rushing': 92.8, 'passing': 91.9, 'standardDowns': 90, 'passingDowns': 89.8, 'runRate': 0.613, 'pace': -2.1}",-9.5,4.0,0.917,{'rating': 2.4},New Mexico,2018
99,Big 12,"{'rating': 31.9, 'success': 94.3, 'explosiveness': 100.6, 'rushing': 98.2, 'passing': 94.9, 'standardDowns': 99, 'passingDowns': 92.3, 'havoc': {'total': 0.147, 'frontSeven': 0.08600000000000001, 'db': 0.061}}","{'rating': 21.9, 'success': 86.8, 'explosiveness': 95.3, 'rushing': 98.4, 'passing': 84.1, 'standardDowns': 92, 'passingDowns': 89.7, 'runRate': 0.489, 'pace': 1.2}",-10.0,2.8,0.89,{'rating': None},Kansas,2018
100,American Athletic,"{'rating': 38.3, 'success': 90.7, 'explosiveness': 98.7, 'rushing': 98.9, 'passing': 90.3, 'standardDowns': 92.4, 'passingDowns': 98.2, 'havoc': {'total': 0.106, 'frontSeven': 0.057, 'db': 0.048}}","{'rating': 27.5, 'success': 94.3, 'explosiveness': 88.9, 'rushing': 98.2, 'passing': 103.2, 'standardDowns': 97.9, 'passingDowns': 80.3, 'runRate': 0.847, 'pace': -0.5}",-10.2,3.4,0.921,{'rating': 0.6000000000000001},Navy,2018
101,Mountain West,"{'rating': 36.7, 'success': 85.1, 'explosiveness': 97.6, 'rushing': 88.6, 'passing': 90.3, 'standardDowns': 88.9, 'passingDowns': 92.6, 'havoc': {'total': 0.145, 'frontSeven': 0.079, 'db': 0.066}}","{'rating': 27.6, 'success': 96.6, 'explosiveness': 99.1, 'rushing': 82.5, 'passing': 100, 'standardDowns': 98.4, 'passingDowns': 93.7, 'runRate': 0.41600000000000004, 'pace': 1.4}",-10.3,3.6,0.918,{'rating': -1.2},Colorado State,2018
102,Mountain West,"{'rating': 39.5, 'success': 88.2, 'explosiveness': 93, 'rushing': 90.3, 'passing': 89.5, 'standardDowns': 91.6, 'passingDowns': 86.3, 'havoc': {'total': 0.134, 'frontSeven': 0.08600000000000001, 'db': 0.048}}","{'rating': 29.5, 'success': 104, 'explosiveness': 106.8, 'rushing': 95.5, 'passing': 104.4, 'standardDowns': 106.1, 'passingDowns': 104.3, 'runRate': 0.396, 'pace': 2}",-10.4,7.2,0.9410000000000001,{'rating': -0.4},Hawai'i,2018
103,Mid-American,"{'rating': 37.4, 'success': 95.6, 'explosiveness': 82.6, 'rushing': 97.4, 'passing': 84.5, 'standardDowns': 94.6, 'passingDowns': 81.7, 'havoc': {'total': 0.17300000000000001, 'frontSeven': 0.126, 'db': 0.047}}","{'rating': 29.8, 'success': 105.1, 'explosiveness': 97.7, 'rushing': 97.6, 'passing': 107, 'standardDowns': 104.5, 'passingDowns': 91.9, 'runRate': 0.56, 'pace': 1}",-10.7,6.4,0.9440000000000001,{'rating': -3.1},Western Michigan,2018
104,Sun Belt,"{'rating': 35.4, 'success': 91.9, 'explosiveness': 102.8, 'rushing': 100.3, 'passing': 93.2, 'standardDowns': 96, 'passingDowns': 97.9, 'havoc': {'total': 0.169, 'frontSeven': 0.106, 'db': 0.064}}","{'rating': 26.5, 'success': 107.8, 'explosiveness': 102.7, 'rushing': 107.7, 'passing': 102.7, 'standardDowns': 110, 'passingDowns': 93.1, 'runRate': 0.487, 'pace': -0.2}",-10.9,5.4,0.9460000000000001,{'rating': -2},Louisiana Monroe,2018
105,Mountain West,"{'rating': 38.9, 'success': 93.2, 'explosiveness': 87.8, 'rushing': 90.2, 'passing': 91.8, 'standardDowns': 94.2, 'passingDowns': 84.6, 'havoc': {'total': 0.14400000000000002, 'frontSeven': 0.094, 'db': 0.05}}","{'rating': 30.7, 'success': 100, 'explosiveness': 98.4, 'rushing': 114.8, 'passing': 86.9, 'standardDowns': 101.9, 'passingDowns': 92.7, 'runRate': 0.592, 'pace': -2.1}",-11.1,4.1,0.934,{'rating': -2.9},UNLV,2018
106,American Athletic,"{'rating': 32.3, 'success': 95.1, 'explosiveness': 108.4, 'rushing': 96.8, 'passing': 102.7, 'standardDowns': 100, 'passingDowns': 102.4, 'havoc': {'total': 0.138, 'frontSeven': 0.084, 'db': 0.054}}","{'rating': 22.9, 'success': 96, 'explosiveness': 86.4, 'rushing': 94.8, 'passing': 92.2, 'standardDowns': 91.4, 'passingDowns': 95.1, 'runRate': 0.605, 'pace': -3.9}",-11.2,4.4,0.9490000000000001,{'rating': -1.7000000000000002},Tulsa,2018
107,Big Ten,"{'rating': 28.5, 'success': 97.3, 'explosiveness': 100.8, 'rushing': 96.6, 'passing': 100.8, 'standardDowns': 101.6, 'passingDowns': 93.1, 'havoc': {'total': 0.154, 'frontSeven': 0.083, 'db': 0.07100000000000001}}","{'rating': 15, 'success': 71.8, 'explosiveness': 87, 'rushing': 87.3, 'passing': 70.7, 'standardDowns': 79, 'passingDowns': 79.1, 'runRate': 0.527, 'pace': 1.4}",-12.3,1.8,0.869,{'rating': 1.2},Rutgers,2018
108,Conference USA,"{'rating': 39.7, 'success': 89.6, 'explosiveness': 95.4, 'rushing': 88.5, 'passing': 94.6, 'standardDowns': 95.4, 'passingDowns': 85.8, 'havoc': {'total': 0.148, 'frontSeven': 0.091, 'db': 0.057}}","{'rating': 24.9, 'success': 101.6, 'explosiveness': 94, 'rushing': 88.1, 'passing': 100.5, 'standardDowns': 98.6, 'passingDowns': 100.8, 'runRate': 0.41000000000000003, 'pace': -0.9}",-14.1,4.1,0.977,{'rating': 0.7000000000000001},Old Dominion,2018
109,American Athletic,"{'rating': 34.2, 'success': 106.4, 'explosiveness': 88, 'rushing': 106.4, 'passing': 93, 'standardDowns': 97.6, 'passingDowns': 99.5, 'havoc': {'total': 0.185, 'frontSeven': 0.12, 'db': 0.065}}","{'rating': 18.3, 'success': 85, 'explosiveness': 98.8, 'rushing': 85.6, 'passing': 90.7, 'standardDowns': 86.1, 'passingDowns': 96.9, 'runRate': 0.395, 'pace': -1.5}",-14.9,3.8,0.936,{'rating': 1},East Carolina,2018
110,Pac-12,"{'rating': 43.4, 'success': 78.5, 'explosiveness': 90.6, 'rushing': 73.9, 'passing': 90.6, 'standardDowns': 84.2, 'passingDowns': 81.4, 'havoc': {'total': 0.111, 'frontSeven': 0.07, 'db': 0.04}}","{'rating': 28.8, 'success': 100.2, 'explosiveness': 101.6, 'rushing': 102.5, 'passing': 97.8, 'standardDowns': 102.5, 'passingDowns': 96.6, 'runRate': 0.466, 'pace': -1.5}",-16.0,1.8,0.875,{'rating': -1.3},Oregon State,2018
111,Conference USA,"{'rating': 31.8, 'success': 93.3, 'explosiveness': 102.4, 'rushing': 91.3, 'passing': 100.9, 'standardDowns': 94.8, 'passingDowns': 101.8, 'havoc': {'total': 0.162, 'frontSeven': 0.08600000000000001, 'db': 0.077}}","{'rating': 17.9, 'success': 95, 'explosiveness': 89.1, 'rushing': 96.1, 'passing': 89.5, 'standardDowns': 91.8, 'passingDowns': 97.7, 'runRate': 0.47000000000000003, 'pace': -0.5}",-16.1,4.2,0.968,{'rating': -2.2},Western Kentucky,2018
112,FBS Independents,"{'rating': 42.2, 'success': 84.2, 'explosiveness': 88.1, 'rushing': 85.4, 'passing': 84.5, 'standardDowns': 88.3, 'passingDowns': 79.6, 'havoc': {'total': 0.124, 'frontSeven': 0.08, 'db': 0.045}}","{'rating': 27.8, 'success': 94, 'explosiveness': 102.5, 'rushing': 88.6, 'passing': 102.5, 'standardDowns': 99.3, 'passingDowns': 93.7, 'runRate': 0.446, 'pace': -0.7000000000000001}",-16.1,4.0,0.926,{'rating': -1.7000000000000002},UMass,2018
113,Sun Belt,"{'rating': 29, 'success': 108, 'explosiveness': 105.8, 'rushing': 108.3, 'passing': 105.5, 'standardDowns': 109.8, 'passingDowns': 102.3, 'havoc': {'total': 0.146, 'frontSeven': 0.095, 'db': 0.051000000000000004}}","{'rating': 14.9, 'success': 83.1, 'explosiveness': 97, 'rushing': 91.4, 'passing': 85.9, 'standardDowns': 89.4, 'passingDowns': 88.8, 'runRate': 0.547, 'pace': -0.2}",-16.4,6.1,0.972,{'rating': -2.2},Texas State,2018
114,Mountain West,"{'rating': 34.7, 'success': 97.7, 'explosiveness': 101, 'rushing': 100.9, 'passing': 94.1, 'standardDowns': 103, 'passingDowns': 90.5, 'havoc': {'total': 0.131, 'frontSeven': 0.068, 'db': 0.063}}","{'rating': 17.3, 'success': 81, 'explosiveness': 98.9, 'rushing': 71.6, 'passing': 91.8, 'standardDowns': 91, 'passingDowns': 88.1, 'runRate': 0.406, 'pace': 0}",-17.1,2.0,0.923,{'rating': 0.2},San Jos State,2018
115,Sun Belt,"{'rating': 45.7, 'success': 85.9, 'explosiveness': 87.2, 'rushing': 79.3, 'passing': 94, 'standardDowns': 87.1, 'passingDowns': 86.5, 'havoc': {'total': 0.14200000000000002, 'frontSeven': 0.08700000000000001, 'db': 0.055}}","{'rating': 28.1, 'success': 103.8, 'explosiveness': 90.3, 'rushing': 103.1, 'passing': 95.4, 'standardDowns': 94.2, 'passingDowns': 107.8, 'runRate': 0.608, 'pace': 2.8}",-17.2,3.5,0.9520000000000001,{'rating': 0.4},Coastal Carolina,2018
116,Sun Belt,"{'rating': 42, 'success': 93.3, 'explosiveness': 89.5, 'rushing': 96.8, 'passing': 87.9, 'standardDowns': 91.1, 'passingDowns': 94.3, 'havoc': {'total': 0.137, 'frontSeven': 0.074, 'db': 0.063}}","{'rating': 24.5, 'success': 91.5, 'explosiveness': 98.7, 'rushing': 85.7, 'passing': 102.8, 'standardDowns': 97.6, 'passingDowns': 86.4, 'runRate': 0.581, 'pace': 0.1}",-17.7,3.3,0.9460000000000001,{'rating': -0.30000000000000004},South Alabama,2018
117,Conference USA,"{'rating': 33.5, 'success': 98.7, 'explosiveness': 99.8, 'rushing': 111.7, 'passing': 91.7, 'standardDowns': 103.1, 'passingDowns': 92.7, 'havoc': {'total': 0.163, 'frontSeven': 0.116, 'db': 0.047}}","{'rating': 15, 'success': 91.8, 'explosiveness': 86.2, 'rushing': 92.7, 'passing': 88, 'standardDowns': 91, 'passingDowns': 84.5, 'runRate': 0.593, 'pace': 3.3}",-18.5,3.6,0.963,{'rating': None},Charlotte,2018
118,Mid-American,"{'rating': 40.2, 'success': 80.7, 'explosiveness': 106.6, 'rushing': 88.1, 'passing': 90.3, 'standardDowns': 92.4, 'passingDowns': 85.2, 'havoc': {'total': 0.137, 'frontSeven': 0.101, 'db': 0.036000000000000004}}","{'rating': 22.5, 'success': 100.9, 'explosiveness': 86.7, 'rushing': 94.3, 'passing': 93.3, 'standardDowns': 91.1, 'passingDowns': 101.1, 'runRate': 0.461, 'pace': -2.7}",-18.9,3.1,0.9500000000000001,{'rating': -1.2},Ball State,2018
119,Mid-American,"{'rating': 31, 'success': 93.6, 'explosiveness': 103.8, 'rushing': 92.2, 'passing': 101.8, 'standardDowns': 97, 'passingDowns': 96.8, 'havoc': {'total': 0.154, 'frontSeven': 0.11, 'db': 0.045}}","{'rating': 11.9, 'success': 76.9, 'explosiveness': 99.8, 'rushing': 78.5, 'passing': 89.3, 'standardDowns': 85.9, 'passingDowns': 89.3, 'runRate': 0.467, 'pace': 1.6}",-19.3,2.9,0.9520000000000001,{'rating': -0.2},Akron,2018
120,FBS Independents,"{'rating': 41.7, 'success': 89, 'explosiveness': 100.6, 'rushing': 87.8, 'passing': 97, 'standardDowns': 90.3, 'passingDowns': 109.7, 'havoc': {'total': 0.14300000000000002, 'frontSeven': 0.074, 'db': 0.069}}","{'rating': 25.1, 'success': 92.4, 'explosiveness': 93.6, 'rushing': 86.9, 'passing': 96.3, 'standardDowns': 93, 'passingDowns': 90.7, 'runRate': 0.482, 'pace': -2.4}",-19.7,4.4,0.9470000000000001,{'rating': -3.1},Liberty,2018
121,Mid-American,"{'rating': 28.7, 'success': 100.1, 'explosiveness': 103.9, 'rushing': 95.1, 'passing': 106.7, 'standardDowns': 98.8, 'passingDowns': 108.2, 'havoc': {'total': 0.159, 'frontSeven': 0.106, 'db': 0.053}}","{'rating': 9, 'success': 76.8, 'explosiveness': 82.1, 'rushing': 85.3, 'passing': 76.3, 'standardDowns': 84.4, 'passingDowns': 72.8, 'runRate': 0.537, 'pace': -1.9}",-20.0,2.3,0.9580000000000001,{'rating': -0.30000000000000004},Central Michigan,2018
122,FBS Independents,"{'rating': 38, 'success': 90.7, 'explosiveness': 101.6, 'rushing': 93.2, 'passing': 95.9, 'standardDowns': 96.8, 'passingDowns': 91.1, 'havoc': {'total': 0.131, 'frontSeven': 0.095, 'db': 0.036000000000000004}}","{'rating': 19.2, 'success': 85.4, 'explosiveness': 98.4, 'rushing': 95.9, 'passing': 85.5, 'standardDowns': 91.1, 'passingDowns': 92.4, 'runRate': 0.366, 'pace': -2.6}",-20.2,2.6,0.9590000000000001,{'rating': -1.4},New Mexico State,2018
123,Sun Belt,"{'rating': 43.6, 'success': 90, 'explosiveness': 84.3, 'rushing': 89.3, 'passing': 86.1, 'standardDowns': 87.5, 'passingDowns': 90.2, 'havoc': {'total': 0.1, 'frontSeven': 0.063, 'db': 0.038}}","{'rating': 23.6, 'success': 96.9, 'explosiveness': 96.2, 'rushing': 104.2, 'passing': 91, 'standardDowns': 96.2, 'passingDowns': 98.2, 'runRate': 0.546, 'pace': 1.1}",-20.4,2.8,0.9510000000000001,{'rating': -0.4},Georgia State,2018
124,Mid-American,"{'rating': 40.3, 'success': 92.8, 'explosiveness': 93.8, 'rushing': 94.5, 'passing': 91.5, 'standardDowns': 94.8, 'passingDowns': 91.2, 'havoc': {'total': 0.124, 'frontSeven': 0.065, 'db': 0.059000000000000004}}","{'rating': 20.5, 'success': 82.7, 'explosiveness': 98.1, 'rushing': 88.7, 'passing': 87.8, 'standardDowns': 88.9, 'passingDowns': 92.2, 'runRate': 0.493, 'pace': -3.5}",-20.4,2.9,0.9450000000000001,{'rating': -0.6000000000000001},Kent State,2018
125,Mid-American,"{'rating': 43.9, 'success': 84.8, 'explosiveness': 100.4, 'rushing': 87.1, 'passing': 92.8, 'standardDowns': 90.6, 'passingDowns': 92.8, 'havoc': {'total': 0.101, 'frontSeven': 0.049, 'db': 0.052000000000000005}}","{'rating': 24.7, 'success': 91.4, 'explosiveness': 101.4, 'rushing': 89.8, 'passing': 96.3, 'standardDowns': 93.6, 'passingDowns': 98.8, 'runRate': 0.47400000000000003, 'pace': 0.8}",-22.0,2.4,0.965,{'rating': -2.8},Bowling Green,2018
126,Conference USA,"{'rating': 34.4, 'success': 93.3, 'explosiveness': 90.8, 'rushing': 102.5, 'passing': 86.2, 'standardDowns': 93.1, 'passingDowns': 92.4, 'havoc': {'total': 0.157, 'frontSeven': 0.08600000000000001, 'db': 0.07200000000000001}}","{'rating': 11.1, 'success': 81.6, 'explosiveness': 80, 'rushing': 86.1, 'passing': 76.7, 'standardDowns': 84.4, 'passingDowns': 74.1, 'runRate': 0.453, 'pace': 2.1}",-22.1,1.8,0.968,{'rating': 1.2},UT San Antonio,2018
127,American Athletic,"{'rating': 51.9, 'success': 75.2, 'explosiveness': 80.7, 'rushing': 74.4, 'passing': 79.6, 'standardDowns': 77, 'passingDowns': 80.4, 'havoc': {'total': 0.1, 'frontSeven': 0.069, 'db': 0.031}}","{'rating': 24.7, 'success': 95, 'explosiveness': 92.4, 'rushing': 98.2, 'passing': 88.6, 'standardDowns': 98.1, 'passingDowns': 83.4, 'runRate': 0.5680000000000001, 'pace': 0.6000000000000001}",-26.4,0.4,0.932,{'rating': 0.9},Connecticut,2018
128,Conference USA,"{'rating': 42.5, 'success': 89.6, 'explosiveness': 87.7, 'rushing': 92.4, 'passing': 86.8, 'standardDowns': 90.8, 'passingDowns': 86.5, 'havoc': {'total': 0.132, 'frontSeven': 0.064, 'db': 0.068}}","{'rating': 15, 'success': 75.5, 'explosiveness': 100.9, 'rushing': 79.2, 'passing': 90, 'standardDowns': 85.8, 'passingDowns': 87.8, 'runRate': 0.551, 'pace': 3.7}",-26.4,1.5,0.9480000000000001,{'rating': 1.1},Rice,2018
129,Conference USA,"{'rating': 37.1, 'success': 91.7, 'explosiveness': 94.8, 'rushing': 91, 'passing': 92.4, 'standardDowns': 90.5, 'passingDowns': 100.3, 'havoc': {'total': 0.14100000000000001, 'frontSeven': 0.074, 'db': 0.066}}","{'rating': 12.1, 'success': 86.2, 'explosiveness': 92.6, 'rushing': 92.3, 'passing': 89.3, 'standardDowns': 90.5, 'passingDowns': 89.7, 'runRate': 0.55, 'pace': 2.6}",-26.6,3.2,0.977,{'rating': -1.6},UTEP,2018
130,,"{'rating': 27.906923191364, 'success': 102.149230722281, 'explosiveness': 101.156923029973, 'rushing': 102.385384603647, 'passing': 101.171538426326, 'standardDowns': 101.455384767973, 'passingDowns': 101.672307704045, 'havoc': {'total': 0.161030768775023, 'frontSeven': 0.09553846166684, 'db': 0.065584615575006}}","{'rating': 29.3476923135611, 'success': 100.703846095158, 'explosiveness': 99.7546153728779, 'rushing': 100.183077122615, 'passing': 100.450769219032, 'standardDowns': 100.095384509747, 'passingDowns': 100.670768913856, 'runRate': 0.519676922147091, 'pace': -3.5533538231482904e-09}",1.44307691707061,6.69384616636313,0.9053307675398311,{'rating': 0.000769232213497},nationalAverages,2018
